sku,internal_code,status,brand,series,model,variant_of,gtin,hsn,title,description,category,sub_category,mrp,selling_price,gst_rate,availability,stock_count,condition,installation_included,warranty_months,compressor_warranty_months,weight_kg,length_mm,width_mm,height_mm,capacity,color,star_rating,inverter,rating_value,rating_count,highlights,faqs,image_files
GAL-CO-4810331,Voltas Air Cooler Grand 72,active,Voltas,,4810331,,,,Voltas Desert Air Cooler Grand 72,72 Litre Desert Cooler with Honeycomb cooling pads for long-lasting cooling,Air Cooler,Desert,18190,12290,,unknown,,new,,,,,,,,72L,,,,,,,,voltas-4810331|voltas-4810331-2|voltas-4810331-3|voltas-4810331-4|voltas-4810331-5|voltas-4810331-6
GAL-CO-4810335,Voltas Air Cooler Windsor 65,active,Voltas,,4810335,,,,Room Air Cooler Windsor 65,Model No.: 4810335 / Windsor 65 Gross Volume: 65 Litre Product Color: White & Grey Honeycomb + Woodwool Pad for Long Lasting Cooling Motor with Thermal Overload Protection Mosquito Repellent Works on Inverter 65 litre Desert Cooler with Honeycomb cooling pads,Air Cooler,Personal,16990,13405,,unknown,,new,,,,29.5,,,,65L,,,,,,,,voltas-4810335|voltas-4810335-2|voltas-4810335-3
GAL-CO-4810347,Voltas Air Cooler JetMax 54,active,Voltas,,4810347,,,,Voltas Desert Air Cooler JetMax 54,54 Litre Desert Cooler with Honeycomb cooling pads for long-lasting cooling,Air Cooler,Desert,16290,11090,,unknown,,new,,,,,,,,54L,,,,,,,,voltas-4810347|voltas-4810347-2|voltas-4810347-3|voltas-4810347-4|voltas-4810347-5|voltas-4810347-6
GAL-CO-4810348,Voltas Air Cooler JetMax 70,active,Voltas,,4810348,,,,Voltas Desert Air Cooler JetMax 70,70 Litre Desert Cooler with Honeycomb cooling pads for long-lasting cooling,Air Cooler,Desert,18190,12090,,unknown,,new,,,,,,,,70L,,,,,,,,voltas-4810348|voltas-4810348-2|voltas-4810348-3|voltas-4810348-4|voltas-4810348-5|voltas-4810348-6
GAL-ST-9014092,Voltas Stablizer VA 4090-90V-300V (4KVA),active,Voltas,,9014092,,,,Stabilizer VA4090 - 4KVA - 90V-300V,Model No.: 9014092 / VA4090 - 4KVA - 90V-300V Transformer Type: Torodial Core Applicable For: 1.5 TR,Stabiliser,,9790,7424,,unknown,,new,,,,,,,,,,,,,,,,voltas-9014092|voltas-9014092-2|voltas-9014092-3|voltas-9014092-4
GAL-ST-9014132,Voltas Stablizer VA 4130-130V-300V,active,Voltas,,9014132,,,,Stabilizer VA4130 - 130V-300V - 4 KVA,Model No.: 9014132 / VA4130 - 130V-300V - 4 KVA Transformer Type: Torodial Core Applicable For: 1.5 TR,Stabiliser,,5590,3925,,unknown,,new,,,,,,,,,,,,,,,,voltas-9014132|voltas-9014132-2|voltas-9014132-3|voltas-9014132-4
GAL-ST-9014171,Voltas Stablizer VA 4170-170V-270V,active,Voltas,,9014171,,,,Stabilizer VA4170 L - 170V-270V 4 KVA,Model No.: 9014171 / VA4170 L - 170V-270V 4 KVA Transformer Type: EI Core Applicable For: 1.5 TR,Stabiliser,,3290,2300,,unknown,,new,,,,,,,,,,,,,,,,voltas-9014171|voltas-9014171-2|voltas-9014171-3|voltas-9014171-4
GAL-ST-9015132,Voltas Stablizer VA 5130-130V-300V,active,Voltas,,9015132,,,,Stabilizer VA5130 - 130V-300V - 5 KVA,Model No.: 9015132 / VA5130 - 130V-300V - 5 KVA Transformer Type: Torodial Core Applicable For: 2 TR,Stabiliser,,6290,4594,,unknown,,new,,,,,,,,,,,,,,,,voltas-9015132|voltas-9015132-2|voltas-9015132-3|voltas-9015132-4
GAL-CO-4810371,Voltas Air Cooler Epicool 54,active,Voltas,,4810371,,,,Voltas Desert Air Cooler Epicool 54,54 Litre Desert Cooler with Honeycomb cooling pads for long-lasting cooling,Air Cooler,Desert,16990,11490,,unknown,,new,,,,,,,,54L,,,,,,,,voltas-4810371|voltas-4810371-2|voltas-4810371-3|voltas-4810371-4|voltas-4810371-5
GAL-CO-4810372,Voltas Air Cooler Epicool 70,active,Voltas,,4810372,,,,Voltas Desert Air Cooler Epicool 70,70 Litre Desert Cooler with Honeycomb cooling pads for long-lasting cooling,Air Cooler,Desert,18690,12590,,unknown,,new,,,,,,,,70L,,,,,,,,voltas-4810372|voltas-4810372-2|voltas-4810372-3|voltas-4810372-4
GAL-CO-4810373,Voltas Air Cooler Epicool 90,active,Voltas,,4810373,,,,Voltas Desert Air Cooler Epicool 90,90 Litre Desert Cooler with Honeycomb cooling pads for long-lasting cooling,Air Cooler,Desert,19890,13390,,unknown,,new,,,,,,,,90L,,,,,,,,voltas-4810373|voltas-4810373-2|voltas-4810373-3|voltas-4810373-4
GAL-CO-4810333,VOLTAS AIR COOLER GRAND 92,active,Voltas,,4810333,,,,Voltas Desert Air Cooler Grand 92,92 Litre Desert Cooler with Honeycomb cooling pads for long-lasting cooling,Air Cooler,Desert,19890,13490,,unknown,,new,,,,,,,,92L,,,,,,,,voltas-4810333|voltas-4810333-2|voltas-4810333-3|voltas-4810333-4
GAL-CO-4810352,Voltas Air Cooler Jetmax 70T/DLXS,active,Voltas,,4810352,,,,Voltas Desert Air Cooler JetMax 70T,70 Litre Desert Cooler with Honeycomb cooling pads for long-lasting cooling,Air Cooler,Desert,19790,13290,,unknown,,new,,,,,,,,70L,,,,,,,,voltas-4810352|voltas-4810352-2|voltas-4810352-3|voltas-4810352-4|voltas-4810352-5
GAL-CO-4810349,Voltas Air Cooler JetMax 90,active,Voltas,,4810349,,,,Voltas Desert Air Cooler JetMax 90,90 Litre Desert Cooler with Honeycomb cooling pads for long-lasting cooling.,Air Cooler,Desert,18990,12790,,unknown,,new,,,,,,,,90L,,,,,,,,voltas-4810349|voltas-4810349-2|voltas-4810349-3|voltas-4810349-4
GAL-CO-4810441,VOLTAS AIR COOLER TEJAS 110,active,Voltas,,4810441,,,,Voltas Desert Air Cooler TEJAS 110,110 Litre Desert Cooler with Honeycomb cooling pads for long-lasting cooling,Air Cooler,Desert,21990,14790,,unknown,,new,,,,,,,,110L,,,,,,,,voltas-4810441|voltas-4810441-2|voltas-4810441-3|voltas-4810441-4|voltas-4810441-5|voltas-4810441-6
GAL-CO-4810439,VOLTAS AIR COOLER TEJAS 85,active,Voltas,,4810439,,,,Voltas Desert Air Cooler TEJAS 85,85 Litre Desert Cooler with Honeycomb cooling pads for long-lasting cooling,Air Cooler,Desert,20990,14190,,unknown,,new,,,,,,,,85L,,,,,,,,voltas-4810439|voltas-4810439-2|voltas-4810439-3|voltas-4810439-4|voltas-4810439-5|voltas-4810439-6
GAL-FZ-5211776,VOLTAS CVF250SA3-P-GW,active,Voltas,,5211776,,,,Voltas Hard Top Convertible Freezers - (CVF250),"These Energy efficient double door Chest Freezer comes with dual temperature convertible technology. It uses Eco Friendly Refrigerant for cooling / freezing & are ideal for storing Frozen Food, Beverages & Dairy Products.",Freezer,Chest,43500,29150,,unknown,,new,,,,,,,,,,,,,,,,voltas-5211776|voltas-5211776-2|voltas-5211776-3|voltas-5211776-4|voltas-5211776-5|voltas-5211776-6|voltas-5211776-7
GAL-AC-4504076,Voltas 1.5T SAC 183 INV Venus Luxe,active,Voltas,,4504076,,,,"Voltas Split Air Conditioner, 1.5 Ton, 3 Star - 183INV Venus Luxe","Meet the Voltas Venus Luxe 1.5 Ton 3 Star Inverter Split Room AC engineered for smarter, wider, and quieter cooling. With 6 Step Adjustable Mode, it lets you fine‑tune cooling capacity to match real‑time room load and occupancy, helping save energy without compromising comfort. The Large Indoor Unit and Long Air Throw deliver powerful, far‑reaching airflow so every corner of the room feels evenly cool. Need instant relief? Turbo Cooling accelerates pull‑down for quick comfort, while Ice Wash Technology helps keep the indoor coil cleaner for fresher air and sustained performance. Built for Indian summers, High Ambient Cooling keeps performance steady even at 55°C. The energy‑efficient inverter compressor modulates speed for stable temperatures and lower noise, supported by a 3 Star rating. Enjoy uniform comfort with 4‑Way Swing and unwind with Super Silent Mode. With a handy Filter Clean ",Air Conditioner,Split AC,67990,42000,,unknown,,new,,,,,,,,1.5 Ton,,3,,,,,,voltas-4504076|voltas-4504076-2|voltas-4504076-3|voltas-4504076-4|voltas-4504076-5|voltas-4504076-6|voltas-4504076-7|voltas-4504076-8|voltas-4504076-9|voltas-4504076-10|voltas-4504076-11|voltas-4504076-12|voltas-4504076-13|voltas-4504076-14|voltas-4504076-15|voltas-4504076-16|voltas-4504076-17
GAL-AC-4504075,Voltas 1.5T SAC 183 INV Vertis AI Zest Gold,active,Voltas,,4504075,,,,"Voltas Split Air Conditioner, 1.5 Ton, 3 Star - 183INV Vertis AI Zest Gold","Meet the Voltas Vertis AI Zest Gold 1.5 Ton 3 Star Inverter Split Room AC your smarter, intuitive cooling partner. Powered by Smart AI RAC, it learns your usage patterns and adjusts cooling automatically for optimum comfort. With AI Adaptive Cooling, it senses room conditions and sets the ideal temperature without manual input. The Geo‑Fencing feature allows the AC to switch modes or turn on/off based on your proximity, giving you a hands‑free experience every time you arrive or leave home. Control your energy use better with the Energy Manager, and fine‑tune cooling with 6 Step Adjustable Mode, matching real‑time room load for efficiency. When you need instant relief, Turbo Cooling delivers a quick temperature pull‑down. Stay comfortable even during peak summers with High Ambient Cooling up to 52°C. Enjoy smoother airflow with 4‑Way Swing, and maintain a peaceful environment with Super ",Air Conditioner,Split AC,66990,38000,,unknown,,new,,,,,,,,1.5 Ton,,3,,,,,,voltas-4504075|voltas-4504075-2|voltas-4504075-3|voltas-4504075-4|voltas-4504075-5|voltas-4504075-6|voltas-4504075-7|voltas-4504075-8|voltas-4504075-9|voltas-4504075-10|voltas-4504075-11|voltas-4504075-12|voltas-4504075-13|voltas-4504075-14|voltas-4504075-15|voltas-4504075-16|voltas-4504075-17|voltas-4504075-18|voltas-4504075-19
GAL-AC-4504074,Voltas 1.5T SAC 183 INV Vertis Zenith Gold,active,Voltas,,4504074,,,,"Voltas Split Air Conditioner, 1.5 Ton, 3 Star - 183INV Vertis Zenith Gold","Meet the Voltas Vertis Zenith Gold 1.5 Ton 3 Star Inverter Split Room AC engineered for smart, quiet, and even cooling. With 6 Step Adjustable Mode, it offers precise control over cooling capacity, matching real‑time room load and occupancy to cut energy waste without compromising comfort. When you need instant relief, Turbo Cooling accelerates the temperature pull‑down, while Ice Wash Technology helps keep the indoor unit coil cleaner for fresher airflow and sustained performance over time. Designed for Indian summers, its High Ambient Cooling keeps comfort steady even at 52°C. The energy‑efficient inverter compressor modulates speed for consistent temperatures and lower noise, supporting savings with its 3 Star rating. Enjoy uniform comfort with 4‑Way Swing, and unwind with Super Silent Mode for low‑noise operation. With a handy Filter Clean Indicator for easy maintenance, Vertis Zenit",Air Conditioner,Split AC,64990,36500,,unknown,,new,,,,,,,,1.5 Ton,,3,,,,,,voltas-4504074|voltas-4504074-2|voltas-4504074-3|voltas-4504074-4|voltas-4504074-5|voltas-4504074-6|voltas-4504074-7|voltas-4504074-8|voltas-4504074-9|voltas-4504074-10|voltas-4504074-11|voltas-4504074-12|voltas-4504074-13|voltas-4504074-14|voltas-4504074-15|voltas-4504074-16|voltas-4504074-17|voltas-4504074-18
GAL-AC-4504085,Voltas 1.5T SAC 183 INV Vertis Zephyr Gold,active,Voltas,,4504085,,,,"Voltas Split Air Conditioner, 1.5 Ton, 3 Star - 183INV Vertis Zephyr Gold","Meet the Voltas Vertis Zephyr Gold 1.5 Ton 3 Star Inverter Split Room AC engineered for smart, quiet, and even cooling. With 6 Step Adjustable Mode, it gives you precise control over cooling capacity, matching real‑time room load and occupancy to save energy without compromising comfort. When you need quick relief, Turbo Cooling delivers a fast temperature pull‑down, while Ice Wash Technology helps keep the indoor unit coil cleaner for fresher airflow and sustained performance over time. Built for Indian summers, High Ambient Cooling keeps performance steady even at 52°C. The energy‑efficient inverter compressor modulates speed for consistent temperatures and lower noise, supporting savings with its 3 Star rating. Enjoy uniform comfort with 4‑Way Swing, and unwind with Super Silent Mode for low‑noise operation. With a handy Filter Clean Indicator for easy maintenance, Vertis Zephyr Gold ",Air Conditioner,Split AC,64990,36500,,unknown,,new,,,,,,,,1.5 Ton,,3,,,,,,voltas-4504085|voltas-4504085-2|voltas-4504085-3|voltas-4504085-4|voltas-4504085-5|voltas-4504085-6|voltas-4504085-7|voltas-4504085-8|voltas-4504085-9|voltas-4504085-10|voltas-4504085-11|voltas-4504085-12|voltas-4504085-13|voltas-4504085-14|voltas-4504085-15|voltas-4504085-16|voltas-4504085-17|voltas-4504085-18
GAL-AC-4504073,Voltas 1.5T SAC 183 INV HC Vectra Zenith,active,Voltas,,4504073,,,,"Voltas Split Air Conditioner, 1.5 Ton, 3 Star - 183INVHC Vectra Zenith","Meet the Voltas Vectra Zenith Hot & Cold 1.5 Ton 3 Star Inverter Split Room AC designed for smarter, leaner cooling. With 5 Step Adjustable Mode, it fine‑tunes cooling capacity to match real‑time room load and occupancy, cutting energy waste without compromising comfort. Need instant relief? Turbo Cooling drives a quick temperature pull‑down for fast comfort. Built to beat Indian summers, its High Ambient Cooling keeps performance reliable even at 52°C. The energy‑efficient inverter compressor modulates speed for consistent temperatures and lower noise, helping optimize electricity bills with its 3 Star rating. Maintenance is effortless thanks to the Filter Clean Indicator, reminding you to clean filters for fresher air and steady airflow. Ideal for bedrooms, study rooms, and compact living areas, the Vectra Emerald delivers smart comfort, efficiency, and durability every day, all season",Air Conditioner,Split AC,71990,41000,,unknown,,new,,,,,,,,1.5 Ton,,3,,,,,,voltas-4504073|voltas-4504073-2|voltas-4504073-3|voltas-4504073-4|voltas-4504073-5|voltas-4504073-6|voltas-4504073-7|voltas-4504073-8|voltas-4504073-9|voltas-4504073-10|voltas-4504073-11|voltas-4504073-12|voltas-4504073-13|voltas-4504073-14|voltas-4504073-15|voltas-4504073-16|voltas-4504073-17
GAL-AC-4504083,Voltas 1.5T SAC 185 INV Vectra Elegant,active,Voltas,,4504083,,,,"Voltas Split Air Conditioner, 1.5 Ton, 5 Star - 185INV Vectra Elegant","Meet the Voltas Vectra Elegant 1.5 Ton 5 Star Inverter Split Room AC crafted for smarter comfort with premium energy savings. The inverter compressor modulates speed to maintain stable temperatures with lower power consumption, supported by a 5 Star rating. With 5 Step Adjustable Mode, you can fine-tune cooling capacity based on real-time room load to reduce energy waste without compromising comfort. Turbo Cooling provides rapid pull-down when you need quick relief, while High Ambient Cooling ensures reliable performance even at 52°C during harsh summers. With the Filter Clean Indicator for easy upkeep, Vectra Elegant delivers efficient, consistent comfort every day, all season.",Air Conditioner,Split AC,73990,46000,,unknown,,new,,,,,,,,1.5 Ton,,5,,,,,,voltas-4504083|voltas-4504083-2|voltas-4504083-3|voltas-4504083-4|voltas-4504083-5|voltas-4504083-6|voltas-4504083-7|voltas-4504083-8|voltas-4504083-9|voltas-4504083-10|voltas-4504083-11|voltas-4504083-12|voltas-4504083-13|voltas-4504083-14|voltas-4504083-15|voltas-4504083-16|voltas-4504083-17
GAL-AC-4504068,Voltas 1.5T SAC 185 INV Venus Luxe,active,Voltas,,4504068,,,,"Voltas Split Air Conditioner, 1.5 Ton, 5 Star - 185INV Venus Luxe","Meet the Voltas Venus Luxe 1.5 Ton 5 Star Inverter Split Room AC engineered for smarter, wider, and quieter cooling. With 6 Step Adjustable Mode, it lets you fine‑tune cooling capacity to match real‑time room load and occupancy, helping save energy without compromising comfort. The Large Indoor Unit and Long Air Throw deliver powerful, far‑reaching airflow so every corner of the room feels evenly cool. Need instant relief? Turbo Cooling accelerates pull‑down for quick comfort, while Ice Wash Technology helps keep the indoor coil cleaner for fresher air and sustained performance. Built for Indian summers, High Ambient Cooling keeps performance steady even at 55°C. The energy‑efficient inverter compressor modulates speed for stable temperatures and lower noise, supported by a 5 Star rating. Enjoy uniform comfort with 4‑Way Swing and unwind with Super Silent Mode. With a handy Filter Clean ",Air Conditioner,Split AC,80990,53000,,unknown,,new,,,,,,,,1.5 Ton,,5,,,,,,voltas-4504068|voltas-4504068-2|voltas-4504068-3|voltas-4504068-4|voltas-4504068-5|voltas-4504068-6|voltas-4504068-7|voltas-4504068-8|voltas-4504068-9|voltas-4504068-10|voltas-4504068-11|voltas-4504068-12|voltas-4504068-13|voltas-4504068-14|voltas-4504068-15|voltas-4504068-16|voltas-4504068-17
GAL-AC-4504052,Voltas 1.0T SAC 123INV Vectra Elegant,active,Voltas,,4504052,,,,"Voltas Split Air Conditioner, 1 Ton, 3 Star - 123INV Vectra Elegant","Meet the Voltas Vectra Elegant 1 Ton 3 Star Inverter Split Room AC—designed for smarter, leaner cooling. With 5 Step Adjustable Mode, it fine‑tunes capacity to match your real‑time needs, cutting down on energy waste without compromising comfort. When you need quick relief, Turbo Cooling delivers a rapid temperature drop for instant chill. Built to beat Indian summers, its High Ambient Cooling ensures reliable performance even at 52°C. The energy‑efficient inverter compressor dynamically adjusts speed for consistent temperatures and lower noise, helping optimize electricity bills with its 3 Star rating. Maintenance is effortless with the Filter Clean Indicator, reminding you to clean filters for fresher air and steady airflow. Perfect for bedrooms, study rooms, or compact living areas, the Vectra Elegant brings smart comfort, efficiency, and durability every day, all season.",Air Conditioner,Split AC,53990,33000,,unknown,,new,,,,,,,,1 Ton,,3,,,,,,voltas-4504052|voltas-4504052-2|voltas-4504052-3|voltas-4504052-4|voltas-4504052-5|voltas-4504052-6|voltas-4504052-7|voltas-4504052-8|voltas-4504052-9|voltas-4504052-10|voltas-4504052-11|voltas-4504052-12|voltas-4504052-13|voltas-4504052-14|voltas-4504052-15|voltas-4504052-16|voltas-4504052-17
GAL-AC-4504051,Voltas 1.0T SAC 123 INV Vectra Emerald,active,Voltas,,4504051,,,,"Voltas Split Air Conditioner, 1 Ton, 3 Star - 123INV Vectra Emerald","Meet the Voltas Vectra Emerald 1 Ton 3 Star Inverter Split Room AC designed for smarter, leaner cooling. With 5 Step Adjustable Mode, it fine‑tunes cooling capacity to match real‑time room load and occupancy, cutting energy waste without compromising comfort. Need instant relief? Turbo Cooling drives a quick temperature pull‑down for fast comfort. Built to beat Indian summers, its High Ambient Cooling keeps performance reliable even at 52°C. The energy‑efficient inverter compressor modulates speed for consistent temperatures and lower noise, helping optimize electricity bills with its 3 Star rating. Maintenance is effortless thanks to the Filter Clean Indicator, reminding you to clean filters for fresher air and steady airflow. Ideal for bedrooms, study rooms, and compact living areas, the Vectra Emerald delivers smart comfort, efficiency, and durability every day, all season.",Air Conditioner,Split AC,53990,33000,,unknown,,new,,,,,,,,1 Ton,,3,,,,,,voltas-4504051|voltas-4504051-2|voltas-4504051-3|voltas-4504051-4|voltas-4504051-5|voltas-4504051-6|voltas-4504051-7|voltas-4504051-8|voltas-4504051-9|voltas-4504051-10|voltas-4504051-11|voltas-4504051-12|voltas-4504051-13|voltas-4504051-14|voltas-4504051-15|voltas-4504051-16|voltas-4504051-17
GAL-AC-4504077,Voltas SAC 243INV Vectra Elegant,active,Voltas,,4504077,,,,"Voltas Split Air Conditioner, 2 Ton, 3 Star - 243INV Vectra Elegant","Meet the Voltas Vectra Elegant 2 Ton 3 Star Inverter Split Room AC engineered for smarter, larger‑room cooling. With 5 Step Adjustable Mode, it scales cooling capacity to match real‑time heat load and occupancy, delivering the comfort you need while optimizing energy use. Need rapid relief after stepping indoors? Turbo Cooling drives a quick temperature pull‑down for instant comfort. Built to beat Indian summers, its High Ambient Cooling ensures reliable performance even at 52°C. The energy‑efficient inverter compressor modulates speed for consistent temperatures and reduced noise, helping manage electricity bills with its 3 Star rating. Maintenance stays effortless with the Filter Clean Indicator, prompting timely filter care for fresher air and steady airflow. Ideal for spacious living rooms, master bedrooms, and open‑plan areas, the Vectra Elegant delivers smart comfort, efficiency, a",Air Conditioner,Split AC,74990,47500,,unknown,,new,,,,,,,,2 Ton,,3,,,,,,voltas-4504077|voltas-4504077-2|voltas-4504077-3|voltas-4504077-4|voltas-4504077-5|voltas-4504077-6|voltas-4504077-7|voltas-4504077-8|voltas-4504077-9|voltas-4504077-10|voltas-4504077-11|voltas-4504077-12|voltas-4504077-13|voltas-4504077-14|voltas-4504077-15|voltas-4504077-16|voltas-4504077-17
GAL-AC-4504069,Voltas SAC 245 INV Vectra Plush,active,Voltas,,4504069,,,,"Voltas Split Air Conditioner, 2 Ton, 5 Star - 245INV Vectra Plush","Meet the Voltas Vectra Plush 2 Ton 5 Star Inverter Split Room AC designed for smarter, leaner cooling. With 5 Step Adjustable Mode, it fine-tunes cooling capacity to match real-time room load and occupancy, cutting energy waste without compromising comfort. Need instant relief? Turbo Cooling drives a quick temperature pull-down for fast comfort. Built to beat Indian summers, its High Ambient Cooling keeps performance reliable even at 52°C. The energy-efficient inverter compressor modulates speed for consistent temperatures and lower noise, helping optimize electricity bills with its 5 Star rating. Maintenance is effortless thanks to the Filter Clean Indicator, reminding you to clean filters for fresher air and steady airflow. Ideal for larger living rooms and spacious bedrooms, Vectra Plush delivers high-capacity comfort with efficient performance—every day, all season. Model No.: 450406",Air Conditioner,Split AC,90990,60000,,unknown,,new,,,,,,,,2 Ton,,5,,,,,,voltas-4504069|voltas-4504069-2|voltas-4504069-3|voltas-4504069-4|voltas-4504069-5|voltas-4504069-6|voltas-4504069-7|voltas-4504069-8|voltas-4504069-9|voltas-4504069-10|voltas-4504069-11|voltas-4504069-12|voltas-4504069-13|voltas-4504069-14|voltas-4504069-15|voltas-4504069-16|voltas-4504069-17|voltas-4504069-18
GAL-VC-5410921,VOLTAS VC GT 320 SD P METALLIC FGLS,active,Voltas,,5410921,,,,Voltas Visi Cooler (VC320),"These Energy efficient single door Visi cooler is designed to showcase stores items attractively and encourage impulse buying leading to increased sales. It uses Eco Friendly Refrigerant for optimal cooling and are ideal for storing Juices, Food, Beverages & Dairy Products.",Visi Cooler,,57500,38550,,unknown,,new,,,,,,,,,,,,,,,,voltas-5410921|voltas-5410921-2|voltas-5410921-3|voltas-5410921-4|voltas-5410921-5|voltas-5410921-6
GAL-AC-4011572,Voltas 1.5T WAC 182 FS Pearl,active,Voltas,,4011572,,,,"Voltas Window Air Conditioner, 1.5 Ton, 2 Star - 182FS Pearl","Meet the Voltas Pearl 1.5 Ton 2 Star Fixed Speed Window Room AC reliable, value‑driven cooling for everyday comfort. Built to handle Indian summers, its High Ambient Cooling maintains steady performance even at 48°C, keeping your room comfortable when heat peaks. The fixed‑speed compressor delivers consistent, dependable cooling, while the 2 Star rating helps balance performance with optimized power use. Upkeep stays simple with the Filter Clean Indicator, prompting timely maintenance so airflow remains strong and fresh. The Anti Dust Filter helps trap dust and fine particles to improve air quality and protect the coil for sustained performance. With a compact window‑fit design for easy installation and straightforward service, Prism is a practical choice for bedrooms, study rooms, rental apartments, and small offices—delivering steady cooling, easy maintenance, and solid value every day",Air Conditioner,Window AC,42990,31000,,unknown,,new,,,,,,,,1.5 Ton,,2,,,,,,voltas-4011572|voltas-4011572-2|voltas-4011572-3|voltas-4011572-4|voltas-4011572-5|voltas-4011572-6|voltas-4011572-7|voltas-4011572-8|voltas-4011572-9|voltas-4011572-10|voltas-4011572-11|voltas-4011572-12|voltas-4011572-13|voltas-4011572-14|voltas-4011572-15|voltas-4011572-16|voltas-4011572-17|voltas-4011572-18|voltas-4011572-19|voltas-4011572-20
GAL-AC-4011566,Voltas 1.5T WAC 185 INV Elite,active,Voltas,,4011566,,,,"Voltas Window Air Conditioner, 1.5 Ton, 5 Star - 185INV Elite","Meet the Voltas Elite 1.5 Ton 5 Star Inverter Window Room AC smart, space‑saving cooling with premium efficiency. Its inverter technology modulates compressor speed for consistent temperatures and quieter operation, helping reduce power consumption along with its 5 Star rating. Built for Indian summers, High Ambient Cooling maintains reliable performance even at 50°C, so you stay comfortable when heat peaks. The window‑fit design makes installation straightforward in apartments and compact rooms without sacrificing performance. Maintenance is effortless with the Filter Clean Indicator, prompting timely care for steady airflow and cooling efficiency. The Anti Dust Filter helps capture dust and fine particles to keep air fresher and protect the coil for sustained performance. Ideal for small to medium rooms, the Voltas Elite combines energy efficiency, dependable cooling, and easy upkeep e",Air Conditioner,Window AC,47990,39000,,unknown,,new,,,,,,,,1.5 Ton,,5,,,,,,voltas-4011566|voltas-4011566-2|voltas-4011566-3|voltas-4011566-4|voltas-4011566-5|voltas-4011566-6|voltas-4011566-7|voltas-4011566-8|voltas-4011566-9|voltas-4011566-10|voltas-4011566-11|voltas-4011566-12|voltas-4011566-13|voltas-4011566-14|voltas-4011566-15|voltas-4011566-16|voltas-4011566-17|voltas-4011566-18|voltas-4011566-19|voltas-4011566-20
GAL-AC-4011571,Voltas WAC 122 FS Platina -  1,active,Voltas,,4011571,,,,"Voltas Window Air Conditioner, 1 Ton, 2 Star - 122FS Platina","Meet the Voltas Platina 1 Ton 2 Star Fixed Speed Window Room AC reliable, value‑driven cooling for compact spaces. Built to handle Indian summers, its High Ambient Cooling maintains steady performance even at 48°C, delivering dependable comfort when heat peaks. The fixed‑speed compressor offers consistent cooling, while the 2 Star rating helps optimize power consumption for everyday use. Upkeep stays simple with the Filter Clean Indicator, prompting timely maintenance so airflow remains strong and fresh. The Anti Dust Filter helps trap dust and fine particles to improve air quality and protect the coil, supporting long‑term performance. Designed for easy window installation and straightforward service, Platina is a practical choice for bedrooms, study rooms, rental apartments, and compact offices delivering steady cooling, easy maintenance, and solid value every day, all season.",Air Conditioner,Window AC,32990,29500,,unknown,,new,,,,,,,,1 Ton,,2,,,,,,voltas-4011571|voltas-4011571-2|voltas-4011571-3|voltas-4011571-4|voltas-4011571-5|voltas-4011571-6|voltas-4011571-7|voltas-4011571-8|voltas-4011571-9|voltas-4011571-10|voltas-4011571-11|voltas-4011571-12|voltas-4011571-13|voltas-4011571-14|voltas-4011571-15|voltas-4011571-16|voltas-4011571-17|voltas-4011571-18|voltas-4011571-19|voltas-4011571-20
GAL-CO-4810390,Voltas Air Cooler Wind 54 WW,active,Voltas,,4810390,,,,Voltas Window Air Cooler Wind 54 WW,45 Litre Voltas Window Air Cooler with Wood Wool cooling pads for long-lasting cooling,Air Cooler,Personal,10890,7590,,unknown,,new,,,,,,,,45L,,,,,,,,voltas-4810390|voltas-4810390-2|voltas-4810390-3
